id,MIN
JI01_000476922,MZP_000000020
JI01_000270586,MZP_000000004
JI01_001089189,MZP_000000001
JI01_000278168,MZP_000000005
JI01_000356522,MZP_000000009
JI01_000291654,MZP_000000006
JI01_000271604,MZP_000000002
JI01_000270644,MZP_000000014
JI01_000270613,MZP_000000010
JI01_000270695,MZP_000000003
JI01_000211096,MZP_000000015
JI01_000271049,MZP_000000019
JI01_000278603,MZP_000000112
JI01_000273148,MZP_000000008
JI01_000328420,MZP_000000007
JI01_000356410,MZP_000000011
JI01_001087752,MZP_000000059
JI01_000598378,MZP_000000040
JI01_000270820,MZP_000000023
JI01_000274006,MZP_000000012
JI01_000272468,MZP_000000029
JI01_000275916,MZP_000000027
JI01_001088181,MZP_000000016
JI01_001229805,MZP_000000024
JI01_000272323,MZP_000000055
JI01_000751793,MZP_000002293
JI01_001250630,MZP_000000030
JI01_000307936,MZP_000000021
JI01_001267423,MZP_000000032
JI01_000319331,MZP_000000017
JI01_001092482,MZP_000000074
JI01_001087755,MZP_000000122
JI01_000277409,MZP_000000056
JI01_000273186,MZP_000000037
JI01_000028440,MZP_000000041
JI01_000278237,MZP_000000075
JI01_000495660,MZP_000000042
JI01_000272692,MZP_000000064
JI01_000866130,MZP_000000031
JI01_000272550,MZP_000000090
JI01_000356309,MZP_000000018
JI01_000476750,MZP_000000195
JI01_000327171,MZP_000000049
JI01_000775368,MZP_000000069
JI01_001185577,MZP_000000094
JI01_000612871,MZP_000000050
JI01_001778699,MZP_000000109
JI01_001294524,MZP_000000047
JI01_001720715,MZP_000000096
JI01_001834070,MZP_000003693
JI01_000288399,MZP_000000143
JI01_001090016,MZP_000000319
JI01_001087772,MZP_000000088
JI01_001691929,MZP_000000083
JI01_001100710,MZP_000000025
JI01_001720887,MZP_000000039
JI01_001229826,MZP_000000034
JI01_001087748,MZP_000000101
JI01_001642469,MZP_000000072
JI01_001528537,MZP_000003694
JI01_001486397,MZP_000000033
JI01_000270923,MZP_000000098
JI01_000275867,MZP_000000255
JI01_000477646,MZP_000000043
JI01_000903108,MZP_000000061
JI01_001118751,MZP_000000802
JI01_001185574,MZP_000000073
JI01_000270665,MZP_000000035
JI01_001444667,MZP_000000086
JI01_000775763,MZP_000000051
JI01_000546438,MZP_000000057
JI01_000277056,MZP_000000081
JI01_001720717,MZP_000000077
JI01_001186817,MZP_000000133
JI01_001692100,MZP_000000070
JI01_001106960,MZP_000000026
JI01_001267613,MZP_000000079
JI01_001250593,MZP_000000232
JI01_000275798,MZP_000000100
JI01_000272539,MZP_000000154
JI01_001491497,MZP_000000440
JI01_001943472,MZP_000000266
JI01_000480759,MZP_000000036
JI01_000271645,MZP_000000048
JI01_001087846,MZP_000000087
JI01_001135211,MZP_000000053
JI01_000546425,MZP_000000129
JI01_001720763,MZP_000000028
JI01_002011481,MZP_000000922
JI01_000331125,MZP_000000113
JI01_000200646,MZP_000000202
JI01_000480876,MZP_000003695
JI01_001720767,MZP_000000200
JI01_001088780,MZP_000000123
JI01_001092834,MZP_000000160
JI01_001090185,MZP_000000111
JI01_000309987,MZP_000000104
JI01_000903132,MZP_000000065
JI01_001692424,MZP_000000176
JI01_000273811,MZP_000000127
JI01_000277223,MZP_000002410
JI01_001107617,MZP_000000553
JI01_000276916,MZP_000000045
JI01_000272819,MZP_000000142
JI01_000800732,MZP_000000076
JI01_000279267,MZP_000000080
JI01_001322675,MZP_000000201
JI01_001093289,MZP_000000089
JI01_001463372,MZP_000000062
JI01_000775472,MZP_000000108
JI01_001135322,MZP_000000138
JI01_001557582,MZP_000000078
JI01_000546409,MZP_000002649
JI01_000270885,MZP_000000147
JI01_000477782,MZP_000000136
JI01_001887168,MZP_000000159
JI01_001721060,MZP_000000084
JI01_001447102,MZP_000000189
JI01_000503742,MZP_000000377
JI01_000483271,MZP_000000240
JI01_001413654,MZP_000000093
JI01_001720889,MZP_000000092
JI01_001882417,MZP_000000381
JI01_000371957,MZP_000000145
JI01_001135181,MZP_000000196
JI01_001329005,MZP_000000178
JI01_001769537,MZP_000000120
JI01_000482650,MZP_000000121
JI01_001010654,MZP_000000107
JI01_001416788,MZP_000000152
JI01_001881682,MZP_000000760
JI01_001589886,MZP_000000022
JI01_001720828,MZP_000000119
JI01_000477401,MZP_000000137
JI01_001721298,MZP_000000181
JI01_001721222,MZP_000000115
JI01_000600529,MZP_000000179
JI01_000978739,MZP_000000684
JI01_000407886,MZP_000000151
JI01_000943617,MZP_000000191
JI01_001136668,MZP_000000220
JI01_001135132,MZP_000000161
JI01_000675538,MZP_000000209
JI01_001834193,MZP_000000225
JI01_000110794,MZP_000000430
JI01_000827880,MZP_000003452
JI01_000620411,MZP_000000182
JI01_001322679,MZP_000000052
JI01_001060544,MZP_000000164
JI01_001323217,MZP_000000141
JI01_001557786,MZP_000000193
JI01_000275511,MZP_000000187
JI01_001463040,MZP_000000470
JI01_000271918,MZP_000002564
JI01_000276605,MZP_000000162
JI01_000272072,MZP_000000148
JI01_000270708,MZP_000000163
JI01_001889013,MZP_000000910
JI01_001325083,MZP_000000158
JI01_000271960,MZP_000000058
JI01_001721471,MZP_000000168
JI01_001322536,MZP_000000477
JI01_000669322,MZP_000000173
JI01_000616944,MZP_000002186
JI01_001135837,MZP_000000219
JI01_000526304,MZP_000002515
JI01_001720773,MZP_000000175
JI01_000410119,MZP_000001730
JI01_000412906,MZP_000000091
JI01_001557937,MZP_000000071
JI01_000183615,MZP_000000271
JI01_000482275,MZP_000000199
JI01_001503870,MZP_000000102
JI01_001589989,MZP_000000157
JI01_001135744,MZP_000000103
JI01_001720885,MZP_000000150
JI01_001247543,MZP_000000711
JI01_001135654,MZP_000000186
JI01_000827228,MZP_000000131
JI01_000998586,MZP_000000128
JI01_000598430,MZP_000000146
JI01_001557785,MZP_000000082
JI01_001088185,MZP_000000205
JI01_000546397,MZP_000000135
JI01_000386292,MZP_000000183
JI01_000911632,MZP_000000234
JI01_001185653,MZP_000000283
JI01_001088099,MZP_000000288
JI01_000667397,MZP_000000066
JI01_001325611,MZP_000000038
JI01_001298356,MZP_000000125
JI01_001186574,MZP_000000461
JI01_000623110,MZP_000000227
JI01_000277857,MZP_000000169
JI01_000951994,MZP_000000296
JI01_001772258,MZP_000000412
JI01_000903149,MZP_000000372
JI01_000999485,MZP_000000396
JI01_002011732,MZP_000003696
JI01_001709957,MZP_000000509
JI01_001883351,MZP_000000688
JI01_001322722,MZP_000000233
JI01_000721993,MZP_000000167
JI01_000903334,MZP_000000110
JI01_000290162,MZP_000000203
JI01_001721151,MZP_000000197
JI01_001235007,MZP_000000366
JI01_000903313,MZP_000000328
JI01_001135391,MZP_000000299
JI01_001298408,MZP_000000218
JI01_000631794,MZP_000000270
JI01_001790173,MZP_000000362
JI01_000995278,MZP_000000867
JI01_000289645,MZP_000000208
JI01_000270737,MZP_000001580
JI01_000407232,MZP_000000245
JI01_001694507,MZP_000000239
JI01_000598580,MZP_000003456
JI01_001323024,MZP_000000370
JI01_000271614,MZP_000000044
JI01_001671478,MZP_000000241
JI01_000477818,MZP_000003697
JI01_001557462,MZP_000000247
JI01_000357991,MZP_000000267
JI01_000598856,MZP_000000364
JI01_000625451,MZP_000000177
JI01_001769451,MZP_000000223
JI01_001306696,MZP_000000246
JI01_001314546,MZP_000000117
JI01_001450071,MZP_000000305
JI01_001414016,MZP_000000482
JI01_001781954,MZP_000000171
JI01_001299718,MZP_000000260
JI01_000550154,MZP_000000261
JI01_001693012,MZP_000000184
JI01_001323117,MZP_000000424
JI01_001423657,MZP_000000836
JI01_001761480,MZP_000000791
JI01_001882817,MZP_000002380
JI01_001322729,MZP_000000180
JI01_001087749,MZP_000000317
JI01_001186436,MZP_000000198
JI01_001779026,MZP_000000331
JI01_000669416,MZP_000000401
JI01_000427393,MZP_000001003
JI01_000941239,MZP_000000327
JI01_001617802,MZP_000000312
JI01_001371006,MZP_000000262
JI01_001917165,MZP_000000834
JI01_000489912,MZP_000000067
JI01_000002730,MZP_000000723
JI01_000775648,MZP_000002981
JI01_001990136,MZP_000000068
JI01_001884827,MZP_000001962
JI01_001323499,MZP_000000435
JI01_000271189,MZP_000000321
JI01_000630069,MZP_000000259
JI01_000776902,MZP_000000118
JI01_001325305,MZP_000000214
JI01_001433745,MZP_000000344
JI01_000278614,MZP_000000294
JI01_000311828,MZP_000000297
JI01_001684082,MZP_000000116
JI01_000294712,MZP_000000814
JI01_001333973,MZP_000000460
JI01_000274290,MZP_000000217
JI01_001529748,MZP_000000434
JI01_001136467,MZP_000000301
JI01_001671394,MZP_000000149
JI01_001919678,MZP_000002019
JI01_001605920,MZP_000000264
JI01_001445292,MZP_000002817
JI01_000289501,MZP_000000243
JI01_001230389,MZP_000000140
JI01_000274050,MZP_000000410
JI01_000720958,MZP_000000320
JI01_001326375,MZP_000000678
JI01_001885408,MZP_000000724
JI01_001528808,MZP_000000275
JI01_000295977,MZP_000003698
JI01_000342432,MZP_000000238
JI01_001328547,MZP_000000263
JI01_001920411,MZP_000000054
JI01_000775768,MZP_000000153
JI01_001342308,MZP_000000287
JI01_000637102,MZP_000000226
JI01_001323820,MZP_000000589
JI01_001445588,MZP_000000215
JI01_001693668,MZP_000000235
JI01_001088813,MZP_000000293
JI01_001087951,MZP_000000329
JI01_001101681,MZP_000000298
JI01_001251850,MZP_000000409
JI01_001834941,MZP_000000351
JI01_001910978,MZP_000002009
JI01_001694219,MZP_000000224
JI01_000558705,MZP_000003699
JI01_001322992,MZP_000000354
JI01_001325107,MZP_000000130
JI01_000954481,MZP_000000165
JI01_000721984,MZP_000000431
JI01_001528607,MZP_000000444
JI01_000356400,MZP_000003700
JI01_000348067,MZP_000001169
JI01_001412981,MZP_000000363
JI01_001323268,MZP_000000669
JI01_001253028,MZP_000000250
JI01_001278851,MZP_000000251
JI01_000273420,MZP_000000316
JI01_000884970,MZP_000000558
JI01_000785677,MZP_000000285
JI01_000998483,MZP_000000388
JI01_001419370,MZP_000000292
JI01_001137638,MZP_000000404
JI01_000775773,MZP_000000918
JI01_000867495,MZP_000000490
JI01_001346322,MZP_000002020
JI01_000275055,MZP_000000429
JI01_000543255,MZP_000000909
JI01_001090841,MZP_000000517
JI01_001691934,MZP_000000282
JI01_001136382,MZP_000000281
JI01_001186142,MZP_000000188
JI01_000952175,MZP_000000244
JI01_001256084,MZP_000002429
JI01_000355936,MZP_000000254
JI01_000291207,MZP_000000813
JI01_000357447,MZP_000000106
JI01_000406197,MZP_000000314
JI01_001920251,MZP_000001138
JI01_000415044,MZP_000000641
JI01_001414466,MZP_000000339
JI01_000774499,MZP_000000170
JI01_000451467,MZP_000002703
JI01_000503861,MZP_000000917
JI01_001335959,MZP_000000623
JI01_000562669,MZP_000000332
JI01_001413446,MZP_000000338
JI01_001092415,MZP_000000809
JI01_001694931,MZP_000000095
JI01_001187553,MZP_000000743
JI01_000118790,MZP_000000698
JI01_001058360,MZP_000000139
JI01_000898221,MZP_000000272
JI01_001186904,MZP_000000503
JI01_002014120,MZP_000000473
JI01_000998701,MZP_000000526
JI01_001836954,MZP_000000820
JI01_000673529,MZP_000000520
JI01_000720210,MZP_000000682
JI01_001725008,MZP_000000355
JI01_001329648,MZP_000000204
JI01_001882821,MZP_000000979
JI01_000599713,MZP_000000417
JI01_000816617,MZP_000000730
JI01_000356101,MZP_000000656
JI01_000873536,MZP_000002387
JI01_001371734,MZP_000000253
JI01_000352895,MZP_000000156
JI01_001302766,MZP_000000222
JI01_000607143,MZP_000000333
JI01_000281085,MZP_000000400
JI01_001722398,MZP_000000353
JI01_000271308,MZP_000000236
JI01_001352180,MZP_000002855
JI01_000406964,MZP_000000060
JI01_001611526,MZP_000000216
JI01_001535386,MZP_000002252
JI01_000791129,MZP_000000274
JI01_000953214,MZP_000000489
JI01_001771003,MZP_000000624
JI01_000284784,MZP_000002841
JI01_001323348,MZP_000000484
JI01_000492993,MZP_000003701
JI01_000331294,MZP_000000977
JI01_001331021,MZP_000000336
JI01_000356651,MZP_000000211
JI01_001779716,MZP_000000350
JI01_001781268,MZP_000000712
JI01_001590383,MZP_000000521
JI01_000435602,MZP_000000382
JI01_001684189,MZP_000000194
JI01_001920135,MZP_000000268
JI01_001590278,MZP_000000432
JI01_000278459,MZP_000000313
JI01_002012265,MZP_000000155
JI01_001421724,MZP_000000342
JI01_000751209,MZP_000003702
JI01_001231045,MZP_000000304
JI01_001333274,MZP_000000768
JI01_001327843,MZP_000000499
JI01_001592356,MZP_000000237
JI01_001370180,MZP_000002889
JI01_001138641,MZP_000000192
JI01_000705864,MZP_000000827
JI01_000280017,MZP_000000605
JI01_001558924,MZP_000000383
JI01_000962778,MZP_000000615
JI01_001920051,MZP_000001364
JI01_000293295,MZP_000003703
JI01_001257789,MZP_000000469
JI01_000285249,MZP_000003704
JI01_001058039,MZP_000003705
JI01_000626781,MZP_000000443
JI01_000311985,MZP_000000513
JI01_001529843,MZP_000000677
JI01_000547310,MZP_000000330
JI01_001576763,MZP_000000587
JI01_000907596,MZP_000000257
JI01_001324278,MZP_000000433
JI01_001062137,MZP_000000144
JI01_000488819,MZP_000002907
JI01_001643247,MZP_000000494
JI01_001143360,MZP_000000124
JI01_000957472,MZP_000000538
JI01_001734276,MZP_000000962
JI01_000386556,MZP_000000466
JI01_000547839,MZP_000000418
JI01_001957197,MZP_000002802
JI01_000589798,MZP_000003706
JI01_001088714,MZP_000002370
JI01_001593115,MZP_000000719
JI01_001919622,MZP_000002845
JI01_000287709,MZP_000000419
JI01_000870581,MZP_000000799
JI01_001970076,MZP_000003250
JI01_000409278,MZP_000003707
JI01_000757533,MZP_000000657
JI01_001920246,MZP_000002242
JI01_000360137,MZP_000000807
JI01_000548769,MZP_000001279
JI01_001532791,MZP_000000345
JI01_001883776,MZP_000002985
JI01_001606392,MZP_000003708
JI01_000282016,MZP_000003709
JI01_000465805,MZP_000000797
JI01_000653440,MZP_000002394
JI01_000954024,MZP_000000609
JI01_001326329,MZP_000000830
JI01_000552529,MZP_000000134
JI01_000291660,MZP_000000341
JI01_001257906,MZP_000003710
JI01_000779236,MZP_000003711
JI01_000415120,MZP_000000405
JI01_000829464,MZP_000000586
JI01_000286849,MZP_000000501
JI01_001325112,MZP_000000580
JI01_000410370,MZP_000002883
JI01_000961257,MZP_000000375
JI01_000289454,MZP_000000311
JI01_000415269,MZP_000000315
JI01_001328540,MZP_000000570
JI01_000616423,MZP_000000590
JI01_000914876,MZP_000003712
JI01_001695613,MZP_000002218
JI01_001916443,MZP_000000467
JI01_000424619,MZP_000003713
JI01_000720185,MZP_000000229
JI01_000667723,MZP_000003458
JI01_001266673,MZP_000000439
JI01_001593350,MZP_000002220
JI01_001417054,MZP_000000340
JI01_000289836,MZP_000003714
JI01_000680268,MZP_000000518
JI01_000830879,MZP_000002583
JI01_001001081,MZP_000003715
JI01_001373001,MZP_000003716
JI01_000806712,MZP_000000649
JI01_001188920,MZP_000000740
JI01_001092029,MZP_000000921
JI01_000351655,MZP_000000863
JI01_000270627,MZP_000000512
JI01_001251744,MZP_000003717
JI01_001643307,MZP_000001196
JI01_000341395,MZP_000000399
JI01_000367425,MZP_000000547
JI01_000836608,MZP_000003466
JI01_001559915,MZP_000000455
JI01_000309752,MZP_000000462
JI01_001672020,MZP_000000380
JI01_001673455,MZP_000003718
JI01_000000005,MZP_000003719
JI01_000055831,MZP_000000185
JI01_000401076,MZP_000001957
JI01_001097776,MZP_000000811
JI01_000289543,MZP_000000438
JI01_000493935,MZP_000003720
JI01_001152920,MZP_000000284
JI01_001258295,MZP_000003721
JI01_001684303,MZP_000003722
JI01_001005150,MZP_000000808
JI01_001728832,MZP_000000801
JI01_001558988,MZP_000001112
JI01_000289990,MZP_000000273
JI01_000670617,MZP_000000728
JI01_000287627,MZP_000000764
JI01_000476878,MZP_000000718
JI01_000955360,MZP_000000622
JI01_000961420,MZP_000000737
JI01_001327772,MZP_000001610
JI01_001088525,MZP_000000471
JI01_000875701,MZP_000000585
JI01_001531578,MZP_000000919
JI01_001591274,MZP_000000842
JI01_001722394,MZP_000000525
JI01_001325594,MZP_000000475
JI01_001594556,MZP_000000306
JI01_001674308,MZP_000000559
JI01_001971059,MZP_000002004
JI01_000671315,MZP_000000573
JI01_000794350,MZP_000003723
JI01_000777002,MZP_000000491
JI01_001569549,MZP_000000857
JI01_001333344,MZP_000000751
JI01_001607306,MZP_000000505
JI01_001785694,MZP_000000514
JI01_001149333,MZP_000000493
JI01_001347349,MZP_000000465
JI01_001529398,MZP_000000725
JI01_000353419,MZP_000000511
JI01_000827094,MZP_000000442
JI01_000380856,MZP_000000488
JI01_001089369,MZP_000000658
JI01_001091157,MZP_000001013
JI01_000289957,MZP_000000693
JI01_000422009,MZP_000000603
JI01_000800820,MZP_000003724
JI01_000325793,MZP_000000291
JI01_001259348,MZP_000001061
JI01_000563031,MZP_000000773
JI01_000279747,MZP_000000850
JI01_000669056,MZP_000000697
JI01_000915944,MZP_000001063
JI01_001262433,MZP_000003725
JI01_001529115,MZP_000000248
JI01_001786084,MZP_000000640
JI01_000346442,MZP_000000478
JI01_000486981,MZP_000000815
JI01_001692243,MZP_000000457
JI01_000549493,MZP_000001136
JI01_000964109,MZP_000003726
JI01_000419383,MZP_000000680
JI01_001882514,MZP_000000872
JI01_000726610,MZP_000003727
JI01_000777779,MZP_000003728
JI01_000915248,MZP_000000277
JI01_001103920,MZP_000002529
JI01_001221717,MZP_000000767
JI01_001326619,MZP_000003433
JI01_001646494,MZP_000002497
JI01_000559359,MZP_000000174
JI01_001488187,MZP_000002897
JI01_001528738,MZP_000001110
JI01_001723028,MZP_000003729
JI01_001935591,MZP_000000555
JI01_000111209,MZP_000000835
JI01_000609045,MZP_000002017
JI01_000641940,MZP_000003730
JI01_001009425,MZP_000000627
JI01_001252921,MZP_000000831
JI01_001461464,MZP_000000266
JI01_001086197,MZP_000000295
JI01_000306374,MZP_000003731
JI01_000543549,MZP_000000318
JI01_001332359,MZP_000003732
JI01_001338400,MZP_000002287
JI01_001414690,MZP_000003552
JI01_000732330,MZP_000000931
JI01_000869346,MZP_000003733
JI01_001535466,MZP_000003674
JI01_000302377,MZP_000000771
JI01_000551446,MZP_000000906
JI01_000726902,MZP_000000731
JI01_000290788,MZP_000000249
JI01_001126849,MZP_000000592
JI01_000752092,MZP_000003734
JI01_000809641,MZP_000002973
JI01_000953262,MZP_000000818
JI01_000975185,MZP_000001130
JI01_001065873,MZP_000002635
JI01_000870112,MZP_000000933
JI01_001252059,MZP_000000574
JI01_001253539,MZP_000003735
JI01_001303863,MZP_000003386
JI01_001786128,MZP_000000733
JI01_000376430,MZP_000000959
JI01_000550261,MZP_000001280
JI01_000657744,MZP_000000231
JI01_001251014,MZP_000003736
JI01_001583642,MZP_000001109
JI01_001616530,MZP_000003737
JI01_001884302,MZP_000000599
JI01_002036246,MZP_000003738
JI01_000302481,MZP_000000643
JI01_000434715,MZP_000000540
JI01_000789681,MZP_000002894
JI01_001882633,MZP_000001047
JI01_001883404,MZP_000003439
JI01_000411047,MZP_000000765
JI01_000509111,MZP_000000564
JI01_000594729,MZP_000003739
JI01_000622239,MZP_000003740
JI01_001198981,MZP_000001008
JI01_001324713,MZP_000001076
JI01_000723449,MZP_000001099
JI01_000962819,MZP_000000866
JI01_001186501,MZP_000003073
JI01_001779489,MZP_000003741
JI01_001781874,MZP_000000667
JI01_000283284,MZP_000000876
JI01_000338914,MZP_000000710
JI01_000557802,MZP_000000904
JI01_001102622,MZP_000000732
JI01_001389526,MZP_000000752
JI01_001390238,MZP_000003742
JI01_000352714,MZP_000000661
JI01_000606522,MZP_000003743
JI01_000877560,MZP_000000960
JI01_001835879,MZP_000000985
JI01_000326267,MZP_000000376
JI01_000373199,MZP_000001407
JI01_001169937,MZP_000000774
JI01_001883516,MZP_000000982
JI01_001935007,MZP_000002322
JI01_000328051,MZP_000000794
JI01_000550560,MZP_000001217
JI01_000671754,MZP_000003744
JI01_001032011,MZP_000000265
JI01_001255731,MZP_000003745
JI01_001324786,MZP_000000714
JI01_001345433,MZP_000002745
JI01_001801848,MZP_000001877
JI01_001903236,MZP_000003746
JI01_002000857,MZP_000000961
JI01_000607972,MZP_000002239
JI01_000826925,MZP_000000258
JI01_000952156,MZP_000000635
JI01_001200589,MZP_000000983
JI01_001734753,MZP_000001816
JI01_000375233,MZP_000003747
JI01_000415105,MZP_000003581
JI01_000566303,MZP_000003748
JI01_000626414,MZP_000002361
JI01_000844032,MZP_000001043
JI01_000867613,MZP_000002469
JI01_001234182,MZP_000003749
JI01_001256926,MZP_000001041
JI01_001569346,MZP_000003750
JI01_000442551,MZP_000003751
JI01_000673677,MZP_000003752
JI01_000789608,MZP_000000500
JI01_000909256,MZP_000001573
JI01_001630875,MZP_000000943
JI01_000414875,MZP_000000335
JI01_000495942,MZP_000003753
JI01_000723705,MZP_000003754
JI01_000827153,MZP_000000166
JI01_000880041,MZP_000003755
JI01_001010049,MZP_000000406
JI01_001259907,MZP_000003756
JI01_001328778,MZP_000000476
JI01_001395105,MZP_000003757
JI01_001448482,MZP_000000636
JI01_001528760,MZP_000003758
JI01_001914169,MZP_000000445
JI01_000572821,MZP_000003759
JI01_000722232,MZP_000003760
JI01_000726599,MZP_000000578
JI01_000731239,MZP_000001100
JI01_000883390,MZP_000003761
JI01_000912771,MZP_000000750
JI01_000926240,MZP_000003762
JI01_001101891,MZP_000000951
JI01_001196303,MZP_000003763
JI01_001590903,MZP_000003764
JI01_001647980,MZP_000003765
JI01_001699617,MZP_000003766
JI01_000287533,MZP_000001098
JI01_000329908,MZP_000001081
JI01_000868643,MZP_000002475
JI01_001136952,MZP_000000726
JI01_001425099,MZP_000000864
JI01_001645504,MZP_000002423
JI01_001645795,MZP_000000595
JI01_001687164,MZP_000000562
JI01_000408540,MZP_000003767
JI01_001251921,MZP_000003768
JI01_001324556,MZP_000000326
JI01_001375761,MZP_000000519
JI01_002051415,MZP_000001817
JI01_000507038,MZP_000000877
JI01_000567041,MZP_000000584
JI01_000609238,MZP_000000256
JI01_000932608,MZP_000003769
JI01_001148721,MZP_000002057
JI01_001256529,MZP_000000912
JI01_001325367,MZP_000000394
JI01_001370882,MZP_000003770
JI01_001452683,MZP_000000847
JI01_001684068,MZP_000000528
JI01_001727840,MZP_000003771
JI01_000340474,MZP_000003772
JI01_000412184,MZP_000000957
JI01_000513561,MZP_000000736
JI01_000568527,MZP_000002164
JI01_000570249,MZP_000003773
JI01_000653374,MZP_000003774
JI01_001185713,MZP_000003775
JI01_001190198,MZP_000003776
JI01_001207397,MZP_000000819
JI01_001211234,MZP_000002956
JI01_001216457,MZP_000002971
JI01_001258263,MZP_000003777
JI01_001371861,MZP_000001108
JI01_001561968,MZP_000001189
JI01_001695363,MZP_000003778
JI01_001722269,MZP_000003779
JI01_000073160,MZP_000001762
JI01_000271259,MZP_000001139
JI01_000506642,MZP_000003780
JI01_000510363,MZP_000003781
JI01_000559596,MZP_000003782
JI01_000613166,MZP_000003783
JI01_000681330,MZP_000000958
JI01_001060454,MZP_000003784
JI01_001090821,MZP_000003785
JI01_001252619,MZP_000003786
JI01_001415094,MZP_000003787
JI01_001494605,MZP_000001007
JI01_001591957,MZP_000000897
JI01_001684285,MZP_000003788
JI01_001858252,MZP_000000828
JI01_002012354,MZP_000003516
JI01_000321238,MZP_000002364
JI01_000359557,MZP_000000787
JI01_000463899,MZP_000002518
JI01_000482217,MZP_000003789
JI01_000534017,MZP_000003790
JI01_000566618,MZP_000003791
JI01_001060515,MZP_000000391
JI01_001257092,MZP_000003792
JI01_001263078,MZP_000003793
JI01_001324321,MZP_000003239
JI01_001496587,MZP_000003794
JI01_001593298,MZP_000002268
JI01_001651207,MZP_000003795
JI01_001684920,MZP_000000385
JI01_000000039,MZP_000003796
JI01_000274867,MZP_000003672
JI01_000300323,MZP_000000902
JI01_000332286,MZP_000000560
JI01_000335534,MZP_000001127
JI01_000551480,MZP_000003797
JI01_000613683,MZP_000003798
JI01_000641008,MZP_000000984
JI01_000734560,MZP_000000742
JI01_001059321,MZP_000003799
JI01_001092358,MZP_000003800
JI01_001116193,MZP_000003801
JI01_001209215,MZP_000003802
JI01_001264452,MZP_000003803
JI01_001366246,MZP_000002643
JI01_001419052,MZP_000003804
JI01_001494610,MZP_000000619
JI01_001642480,MZP_000003805
JI01_001749853,MZP_000000536
JI01_001781845,MZP_000003570
JI01_000324526,MZP_000000978
JI01_000381394,MZP_000003806
JI01_000409812,MZP_000000546
JI01_000513663,MZP_000003807
JI01_000532266,MZP_000000668
JI01_000554452,MZP_000000756
JI01_000817051,MZP_000003808
JI01_000887612,MZP_000003809
JI01_001208555,MZP_000000894
JI01_001256462,MZP_000003810
JI01_001260718,MZP_000003811
JI01_001324227,MZP_000000660
JI01_001392710,MZP_000003812
JI01_001623236,MZP_000003813
JI01_001730700,MZP_000003814
JI01_001821149,MZP_000002414
JI01_001996240,MZP_000002726
JI01_000334199,MZP_000002439
JI01_000349900,MZP_000003815
JI01_000559476,MZP_000003816
JI01_000565696,MZP_000000898
JI01_000565999,MZP_000001026
JI01_000657673,MZP_000000805
JI01_000721571,MZP_000003817
JI01_000724404,MZP_000000891
JI01_001189137,MZP_000002938
JI01_001327985,MZP_000003818
JI01_001660665,MZP_000000687
JI01_001684375,MZP_000003819
JI01_001726277,MZP_000000579
JI01_001976127,MZP_000002904
JI01_000288442,MZP_000003820
JI01_000293500,MZP_000003525
JI01_000316200,MZP_000002911
JI01_000429918,MZP_000001146
JI01_000524635,MZP_000002427
JI01_000556231,MZP_000003510
JI01_000565149,MZP_000000423
JI01_000728670,MZP_000003821
JI01_000867759,MZP_000003822
JI01_000903461,MZP_000000887
JI01_000976913,MZP_000003823
JI01_001255687,MZP_000003520
JI01_001345121,MZP_000000783
JI01_001424245,MZP_000000569
JI01_001487751,MZP_000003824
JI01_001489508,MZP_000003825
JI01_001513761,MZP_000002899
JI01_001545770,MZP_000003826
JI01_001561606,MZP_000003827
JI01_001587691,MZP_000002913
JI01_001835813,MZP_000000416
JI01_000231181,MZP_000003828
JI01_000278714,MZP_000003829
JI01_000293832,MZP_000003830
JI01_000318415,MZP_000001122
JI01_000463422,MZP_000003406
JI01_000464212,MZP_000001002
JI01_000495440,MZP_000000903
JI01_000502079,MZP_000001275
JI01_000569806,MZP_000003831
JI01_000695928,MZP_000000758
JI01_000731941,MZP_000003832
JI01_000786419,MZP_000000907
JI01_000828162,MZP_000003833
JI01_000856919,MZP_000001104
JI01_000905541,MZP_000000908
JI01_001059759,MZP_000003834
JI01_001137556,MZP_000000557
JI01_001192127,MZP_000000761
JI01_001257499,MZP_000003533
JI01_001262473,MZP_000000638
JI01_001302905,MZP_000002903
JI01_001325806,MZP_000003835
JI01_001328682,MZP_000002362
JI01_001341311,MZP_000002270
JI01_001441545,MZP_000003836
JI01_001611350,MZP_000003837
JI01_001726732,MZP_000001483
JI01_000782828,MZP_000002494
JI01_000281080,MZP_000003106
JI01_000286361,MZP_000000464
JI01_000289991,MZP_000003838
JI01_000312230,MZP_000000322
JI01_000316106,MZP_000003839
JI01_000334834,MZP_000003840
JI01_000341778,MZP_000003841
JI01_000362840,MZP_000003842
JI01_000541293,MZP_000003843
JI01_000573084,MZP_000000532
JI01_000582419,MZP_000000279
JI01_000694992,MZP_000003844
JI01_000777631,MZP_000001004
JI01_000780184,MZP_000001758
JI01_000789254,MZP_000000598
JI01_000870813,MZP_000002681
JI01_000875836,MZP_000001349
JI01_000907334,MZP_000003845
JI01_000961132,MZP_000000415
JI01_000998994,MZP_000002233
JI01_001061034,MZP_000003846
JI01_001061582,MZP_000003847
JI01_001096125,MZP_000003848
JI01_001099252,MZP_000003849
JI01_001104878,MZP_000001903
JI01_001138372,MZP_000002950
JI01_001186724,MZP_000003054
JI01_001571504,MZP_000003850
JI01_001609176,MZP_000003851
JI01_001613889,MZP_000003852
JI01_001658811,MZP_000003853
JI01_001658873,MZP_000003854
JI01_001836955,MZP_000003855
JI01_000277791,MZP_000003856
JI01_000303533,MZP_000002377
JI01_000311617,MZP_000001444
JI01_000421716,MZP_000000795
JI01_000423082,MZP_000000563
JI01_000435644,MZP_000003857
JI01_000556314,MZP_000003858
JI01_000589986,MZP_000003859
JI01_000602488,MZP_000003860
JI01_000615151,MZP_000003861
JI01_000682024,MZP_000003862
JI01_000720874,MZP_000003863
JI01_000734011,MZP_000003864
JI01_000767034,MZP_000001267
JI01_000782276,MZP_000003865
JI01_000793870,MZP_000003866
JI01_000811309,MZP_000003867
JI01_000941173,MZP_000003868
JI01_001025965,MZP_000001214
JI01_001171176,MZP_000003869
JI01_001192025,MZP_000003870
JI01_001333816,MZP_000003590
JI01_001372253,MZP_000003871
JI01_001380023,MZP_000003872
JI01_001606857,MZP_000003873
JI01_001643476,MZP_000002856
JI01_001729600,MZP_000003874
JI01_001836261,MZP_000003875
JI01_001847286,MZP_000003101
JI01_001996708,MZP_000002872
JI01_000091695,MZP_000000449
JI01_000280032,MZP_000003548
JI01_000311780,MZP_000000631
JI01_000313427,MZP_000000629
JI01_000316658,MZP_000003876
JI01_000320840,MZP_000003877
JI01_000323250,MZP_000003878
JI01_000328819,MZP_000001162
JI01_000331830,MZP_000001794
JI01_000366858,MZP_000000727
JI01_000415208,MZP_000003879
JI01_000424945,MZP_000001170
JI01_000483467,MZP_000001055
JI01_000486221,MZP_000001102
JI01_000518203,MZP_000003880
JI01_000551168,MZP_000001134
JI01_000563521,MZP_000000694
JI01_000574750,MZP_000003881
JI01_000614792,MZP_000000875
JI01_000623387,MZP_000003882
JI01_000653501,MZP_000003883
JI01_000839371,MZP_000003884
JI01_000970292,MZP_000003885
JI01_001005203,MZP_000003886
JI01_001074353,MZP_000003887
JI01_001089231,MZP_000003888
JI01_001187160,MZP_000003889
JI01_001273826,MZP_000003890
JI01_001302584,MZP_000003891
JI01_001326882,MZP_000003892
JI01_001372405,MZP_000003893
JI01_001372912,MZP_000001415
JI01_001684951,MZP_000003894
JI01_001836310,MZP_000003895
JI01_001842848,MZP_000003896
JI01_001849427,MZP_000003897
JI01_001885090,MZP_000001698
JI01_000289741,MZP_000003898
JI01_000324237,MZP_000003899
JI01_000330990,MZP_000003900
JI01_000381236,MZP_000001770
JI01_000412650,MZP_000003901
JI01_000441294,MZP_000003902
JI01_000486086,MZP_000003903
JI01_000550580,MZP_000000932
JI01_000590044,MZP_000003904
JI01_000611930,MZP_000001067
JI01_000631523,MZP_000003905
JI01_000713510,MZP_000003906
JI01_000747917,MZP_000003907
JI01_000754602,MZP_000003908
JI01_000805250,MZP_000002383
JI01_000814780,MZP_000003909
JI01_000828353,MZP_000003910
JI01_000897917,MZP_000003911
JI01_000999401,MZP_000000408
JI01_001037854,MZP_000003912
JI01_001061646,MZP_000000436
JI01_001062004,MZP_000000806
JI01_001136533,MZP_000003913
JI01_001145471,MZP_000003914
JI01_001166420,MZP_000003915
JI01_001236130,MZP_000003916
JI01_001308537,MZP_000001079
JI01_001373309,MZP_000003917
JI01_001415233,MZP_000003918
JI01_001420419,MZP_000003919
JI01_001492236,MZP_000003920
JI01_001608872,MZP_000003921
JI01_001649449,MZP_000003922
JI01_001675108,MZP_000000689
JI01_001698846,MZP_000003923
JI01_001721561,MZP_000003924
JI01_001846647,MZP_000003925
JI01_001959556,MZP_000001774
JI01_000281882,MZP_000000997
JI01_000291106,MZP_000003926
JI01_000310904,MZP_000003927
JI01_000312418,MZP_000000531
JI01_000336093,MZP_000003928
JI01_000439544,MZP_000003929
JI01_000451204,MZP_000003930
JI01_000469671,MZP_000003931
JI01_000516262,MZP_000001216
JI01_000671271,MZP_000003932
JI01_000678792,MZP_000001175
JI01_000678969,MZP_000003933
JI01_000683334,MZP_000003934
JI01_000717085,MZP_000002738
JI01_000730687,MZP_000003935
JI01_000788216,MZP_000002712
JI01_000809198,MZP_000001428
JI01_000812213,MZP_000002888
JI01_000866028,MZP_000003529
JI01_000891309,MZP_000003936
JI01_000897308,MZP_000003937
JI01_000905284,MZP_000001140
JI01_000905766,MZP_000003938
JI01_000941433,MZP_000003939
JI01_000999520,MZP_000003940
JI01_001058503,MZP_000003941
JI01_001103153,MZP_000001238
JI01_001181097,MZP_000002881
JI01_001185611,MZP_000003942
JI01_001261450,MZP_000003943
JI01_001325007,MZP_000003944
JI01_001346405,MZP_000003945
JI01_001374962,MZP_000003946
JI01_001414199,MZP_000003947
JI01_001489007,MZP_000002900
JI01_001593859,MZP_000003948
JI01_001599013,MZP_000003949
JI01_001620362,MZP_000003950
JI01_001726707,MZP_000003951
JI01_001745022,MZP_000003952
JI01_001747920,MZP_000003508
JI01_001769651,MZP_000003953
JI01_001882427,MZP_000003954
JI01_000272336,MZP_000003955
JI01_000282878,MZP_000001291
JI01_000295106,MZP_000003956
JI01_000300527,MZP_000003957
JI01_000313901,MZP_000001064
JI01_000451859,MZP_000003958
JI01_000489450,MZP_000000717
JI01_000496641,MZP_000000450
JI01_000507221,MZP_000003959
JI01_000508515,MZP_000003960
JI01_000514395,MZP_000003961
JI01_000524309,MZP_000003962
JI01_000552980,MZP_000003963
JI01_000555503,MZP_000003964
JI01_000561493,MZP_000003965
JI01_000569915,MZP_000003966
JI01_000581114,MZP_000003967
JI01_000603662,MZP_000003968
JI01_000669668,MZP_000002925
JI01_000729088,MZP_000000695
JI01_000776175,MZP_000003969
JI01_000782193,MZP_000003970
JI01_000784660,MZP_000001027
JI01_000786612,MZP_000003971
JI01_000791578,MZP_000003972
JI01_000801283,MZP_000003973
JI01_000816619,MZP_000003974
JI01_000866714,MZP_000003975
JI01_000877647,MZP_000003976
JI01_000879494,MZP_000003977
JI01_000960612,MZP_000003978
JI01_000968577,MZP_000003979
JI01_001060139,MZP_000003980
JI01_001061694,MZP_000003981
JI01_001071847,MZP_000003982
JI01_001098211,MZP_000003983
JI01_001098828,MZP_000003984
JI01_001101380,MZP_000003985
JI01_001187238,MZP_000000950
JI01_001255825,MZP_000003986
JI01_001260222,MZP_000003987
JI01_001264962,MZP_000003988
JI01_001269219,MZP_000003989
JI01_001303586,MZP_000003990
JI01_001309018,MZP_000003991
JI01_001341944,MZP_000003992
JI01_001347804,MZP_000003993
JI01_001372021,MZP_000003994
JI01_001373731,MZP_000003995
JI01_001456008,MZP_000003996
JI01_001487207,MZP_000003997
JI01_001511547,MZP_000003998
JI01_001542147,MZP_000003568
JI01_001663418,MZP_000003999
JI01_001722774,MZP_000004000
JI01_001733128,MZP_000004001
JI01_001736687,MZP_000004002
JI01_001785536,MZP_000004003
JI01_000280428,MZP_000004004
JI01_000284679,MZP_000004005
JI01_000288607,MZP_000003227
JI01_000298430,MZP_000004006
JI01_000327953,MZP_000001025
JI01_000328941,MZP_000004007
JI01_000336782,MZP_000004008
JI01_000339862,MZP_000004009
JI01_000353350,MZP_000004010
JI01_000359985,MZP_000004011
JI01_000424989,MZP_000004012
JI01_000428382,MZP_000004013
JI01_000441079,MZP_000004014
JI01_000480779,MZP_000004015
JI01_000510740,MZP_000004016
JI01_000548937,MZP_000004017
JI01_000660317,MZP_000004018
JI01_000660368,MZP_000004019
JI01_000671316,MZP_000004020
JI01_000672971,MZP_000003527
JI01_000673488,MZP_000002842
JI01_000675481,MZP_000004021
JI01_000708434,MZP_000001129
JI01_000714580,MZP_000004022
JI01_000724018,MZP_000004023
JI01_000729132,MZP_000004024
JI01_000750624,MZP_000004025
JI01_000775455,MZP_000004026
JI01_000778138,MZP_000004027
JI01_000787673,MZP_000003451
JI01_000791587,MZP_000002419
JI01_000830268,MZP_000004028
JI01_000872700,MZP_000004029
JI01_000952975,MZP_000004030
JI01_000957088,MZP_000004031
JI01_000965945,MZP_000004032
JI01_001000181,MZP_000004033
JI01_001005493,MZP_000004034
JI01_001060097,MZP_000000915
JI01_001061410,MZP_000004035
JI01_001064313,MZP_000000611
JI01_001089682,MZP_000004036
JI01_001103905,MZP_000000895
JI01_001172888,MZP_000004037
JI01_001192818,MZP_000004038
JI01_001197721,MZP_000004039
JI01_001205165,MZP_000004040
JI01_001217886,MZP_000001569
JI01_001255216,MZP_000004041
JI01_001255611,MZP_000004042
JI01_001276641,MZP_000004043
JI01_001325436,MZP_000004044
JI01_001337533,MZP_000004045
JI01_001340483,MZP_000003497
JI01_001345807,MZP_000004046
JI01_001391058,MZP_000004047
JI01_001424736,MZP_000001808
JI01_001490870,MZP_000004048
JI01_001491375,MZP_000004049
JI01_001493340,MZP_000004050
JI01_001528578,MZP_000004051
JI01_001532838,MZP_000004052
JI01_001535223,MZP_000004053
JI01_001536018,MZP_000004054
JI01_001578768,MZP_000004055
JI01_001612151,MZP_000004056
JI01_001643292,MZP_000004057
JI01_001674981,MZP_000004058
JI01_001686755,MZP_000002031
JI01_001692709,MZP_000004059
JI01_001693011,MZP_000004060
JI01_001725463,MZP_000004061
JI01_001730103,MZP_000004062
JI01_001741566,MZP_000004063
JI01_001771547,MZP_000004064
JI01_001837660,MZP_000004065
JI01_000001348,MZP_000004066
JI01_000110858,MZP_000004067
JI01_000271230,MZP_000004068
JI01_000306520,MZP_000004069
JI01_000306867,MZP_000002230
JI01_000316125,MZP_000004070
JI01_000320026,MZP_000004071
JI01_000324673,MZP_000004072
JI01_000325557,MZP_000000497
JI01_000328633,MZP_000000789
JI01_000335915,MZP_000004073
JI01_000378525,MZP_000001212
JI01_000382263,MZP_000004074
JI01_000405962,MZP_000004075
JI01_000406887,MZP_000004076
JI01_000407493,MZP_000004077
JI01_000423641,MZP_000004078
JI01_000445393,MZP_000004079
JI01_000452612,MZP_000004080
JI01_000507613,MZP_000004081
JI01_000529962,MZP_000004082
JI01_000547077,MZP_000004083
JI01_000547171,MZP_000004084
JI01_000548150,MZP_000004085
JI01_000549790,MZP_000004086
JI01_000559079,MZP_000004087
JI01_000574781,MZP_000004088
JI01_000600740,MZP_000004089
JI01_000602965,MZP_000000886
JI01_000607746,MZP_000004090
JI01_000608368,MZP_000001024
JI01_000618892,MZP_000004091
JI01_000622924,MZP_000004092
JI01_000626725,MZP_000001211
JI01_000643595,MZP_000004093
JI01_000643802,MZP_000004094
JI01_000699734,MZP_000004095
JI01_000709534,MZP_000004096
JI01_000721086,MZP_000004097
JI01_000727690,MZP_000004098
JI01_000731850,MZP_000004099
JI01_000740827,MZP_000004100
JI01_000784101,MZP_000004101
JI01_000786338,MZP_000004102
JI01_000786390,MZP_000003144
JI01_000800015,MZP_000004103
JI01_000805374,MZP_000003565
JI01_000811233,MZP_000004104
JI01_000827258,MZP_000004105
JI01_000830064,MZP_000004106
JI01_000832679,MZP_000003538
JI01_000838697,MZP_000004107
JI01_000841133,MZP_000004108
JI01_000870889,MZP_000004109
JI01_000872329,MZP_000001249
JI01_000882757,MZP_000004110
JI01_000891601,MZP_000004111
JI01_000902875,MZP_000004112
JI01_000917726,MZP_000004113
JI01_000947564,MZP_000004114
JI01_001006798,MZP_000000632
JI01_001021185,MZP_000001747
JI01_001061061,MZP_000002356
JI01_001067644,MZP_000004115
JI01_001070422,MZP_000004116
JI01_001071536,MZP_000004117
JI01_001137613,MZP_000004118
JI01_001149770,MZP_000003337
JI01_001186072,MZP_000004119
JI01_001197734,MZP_000004120
JI01_001252233,MZP_000004121
JI01_001252479,MZP_000004122
JI01_001255253,MZP_000004123
JI01_001266446,MZP_000004124
JI01_001267572,MZP_000004125
JI01_001268692,MZP_000004126
JI01_001306048,MZP_000002556
JI01_001310407,MZP_000004127
JI01_001323028,MZP_000004128
JI01_001324073,MZP_000002436
JI01_001341045,MZP_000003626
JI01_001341376,MZP_000004129
JI01_001374133,MZP_000004130
JI01_001379949,MZP_000004131
JI01_001391532,MZP_000004132
JI01_001403994,MZP_000004133
JI01_001416754,MZP_000004134
JI01_001427467,MZP_000004135
JI01_001445840,MZP_000004136
JI01_001448779,MZP_000002936
JI01_001492270,MZP_000004137
JI01_001494365,MZP_000004138
JI01_001500489,MZP_000001231
JI01_001502019,MZP_000004139
JI01_001507037,MZP_000001145
JI01_001531467,MZP_000004140
JI01_001539828,MZP_000004141
JI01_001599689,MZP_000004142
JI01_001606141,MZP_000004143
JI01_001619191,MZP_000004144
JI01_001647245,MZP_000004145
JI01_001647796,MZP_000004146
JI01_001694638,MZP_000004147
JI01_001700601,MZP_000004148
JI01_001722116,MZP_000004149
JI01_001723103,MZP_000004150
JI01_001762512,MZP_000004151
JI01_001849900,MZP_000004152
JI01_001855268,MZP_000004153
JI01_000073222,MZP_000003405
JI01_000274350,MZP_000001716
JI01_000280284,MZP_000004154
JI01_000286598,MZP_000004155
JI01_000286953,MZP_000000996
JI01_000292682,MZP_000004156
JI01_000305761,MZP_000004157
JI01_000306528,MZP_000004158
JI01_000308416,MZP_000004159
JI01_000334852,MZP_000004160
JI01_000380581,MZP_000004161
JI01_000405644,MZP_000004162
JI01_000408662,MZP_000004163
JI01_000412068,MZP_000004164
JI01_000416830,MZP_000004165
JI01_000426316,MZP_000004166
JI01_000428207,MZP_000004167
JI01_000447589,MZP_000004168
JI01_000495030,MZP_000004169
JI01_000507767,MZP_000004170
JI01_000517919,MZP_000004171
JI01_000531033,MZP_000004172
JI01_000547977,MZP_000004173
JI01_000558775,MZP_000004174
JI01_000558840,MZP_000000855
JI01_000559008,MZP_000004175
JI01_000568896,MZP_000004176
JI01_000572033,MZP_000004177
JI01_000578386,MZP_000004178
JI01_000585515,MZP_000004179
JI01_000597182,MZP_000004180
JI01_000599188,MZP_000004181
JI01_000601149,MZP_000004182
JI01_000604945,MZP_000004183
JI01_000607205,MZP_000004184
JI01_000619092,MZP_000004185
JI01_000629870,MZP_000004186
JI01_000639394,MZP_000004187
JI01_000669327,MZP_000004188
JI01_000688848,MZP_000003457
JI01_000695863,MZP_000004189
JI01_000715097,MZP_000003432
JI01_000724621,MZP_000004190
JI01_000726159,MZP_000004191
JI01_000729813,MZP_000004192
JI01_000744469,MZP_000004193
JI01_000778229,MZP_000004194
JI01_000778816,MZP_000000788
JI01_000778850,MZP_000004195
JI01_000782556,MZP_000004196
JI01_000788558,MZP_000004197
JI01_000789015,MZP_000004198
JI01_000793158,MZP_000004199
JI01_000802794,MZP_000004200
JI01_000807803,MZP_000000746
JI01_000810693,MZP_000004201
JI01_000827552,MZP_000004202
JI01_000829370,MZP_000000708
JI01_000829552,MZP_000004203
JI01_000835918,MZP_000000549
JI01_000838676,MZP_000004204
JI01_000866335,MZP_000004205
JI01_000866418,MZP_000004206
JI01_000867502,MZP_000004207
JI01_000871631,MZP_000004208
JI01_000874546,MZP_000004209
JI01_000881031,MZP_000004210
JI01_000882100,MZP_000004211
JI01_000903507,MZP_000001028
JI01_000915600,MZP_000004212
JI01_000916466,MZP_000004213
JI01_000918838,MZP_000004214
JI01_000920150,MZP_000004215
JI01_000934142,MZP_000004216
JI01_000936890,MZP_000002906
JI01_000957600,MZP_000004217
JI01_000958007,MZP_000004218
JI01_000960141,MZP_000004219
JI01_000988810,MZP_000004220
JI01_000999179,MZP_000004221
JI01_001017280,MZP_000004222
JI01_001024747,MZP_000004223
JI01_001058522,MZP_000004224
JI01_001062071,MZP_000004225
JI01_001065027,MZP_000000300
JI01_001065086,MZP_000004226
JI01_001067368,MZP_000004227
JI01_001072419,MZP_000004228
JI01_001096470,MZP_000004229
JI01_001099535,MZP_000004230
JI01_001136713,MZP_000004231
JI01_001146024,MZP_000004232
JI01_001152020,MZP_000004233
JI01_001156151,MZP_000004234
JI01_001185753,MZP_000004235
JI01_001210423,MZP_000004236
JI01_001232070,MZP_000004237
JI01_001251582,MZP_000004238
JI01_001252101,MZP_000004239
JI01_001253043,MZP_000004240
JI01_001257996,MZP_000004241
JI01_001260562,MZP_000004242
JI01_001261907,MZP_000004243
JI01_001261930,MZP_000004244
JI01_001262416,MZP_000004245
JI01_001263229,MZP_000004246
JI01_001266215,MZP_000004247
JI01_001272739,MZP_000004248
JI01_001279502,MZP_000000826
JI01_001281663,MZP_000004249
JI01_001309608,MZP_000004250
JI01_001323566,MZP_000004251
JI01_001331622,MZP_000004252
JI01_001336433,MZP_000004253
JI01_001344253,MZP_000004254
JI01_001347568,MZP_000004255
JI01_001365463,MZP_000004256
JI01_001366621,MZP_000004257
JI01_001371916,MZP_000004258
JI01_001375511,MZP_000004259
JI01_001376262,MZP_000004260
JI01_001376903,MZP_000004261
JI01_001378004,MZP_000004262
JI01_001380598,MZP_000004263
JI01_001392040,MZP_000004264
JI01_001417229,MZP_000004265
JI01_001418787,MZP_000004266
JI01_001420152,MZP_000004267
JI01_001461346,MZP_000004268
JI01_001491759,MZP_000004269
JI01_001492027,MZP_000003072
JI01_001501535,MZP_000004270
JI01_001537725,MZP_000004271
JI01_001539695,MZP_000001229
JI01_001540213,MZP_000000949
JI01_001560589,MZP_000004272
JI01_001560852,MZP_000004273
JI01_001567956,MZP_000004274
JI01_001579765,MZP_000004275
JI01_001590841,MZP_000004276
JI01_001592124,MZP_000004277
JI01_001594052,MZP_000004278
JI01_001594727,MZP_000004279
JI01_001595486,MZP_000004280
JI01_001595877,MZP_000001086
JI01_001604407,MZP_000004281
JI01_001604674,MZP_000004282
JI01_001606268,MZP_000004283
JI01_001607093,MZP_000004284
JI01_001612872,MZP_000004285
JI01_001634235,MZP_000004286
JI01_001648448,MZP_000004287
JI01_001648929,MZP_000004288
JI01_001650393,MZP_000004289
JI01_001659111,MZP_000004290
JI01_001659865,MZP_000004291
JI01_001684255,MZP_000004292
JI01_001684483,MZP_000001247
JI01_001694622,MZP_000001035
JI01_001703880,MZP_000004293
JI01_001713935,MZP_000004294
JI01_001721508,MZP_000004295
JI01_001750666,MZP_000004296
JI01_001769720,MZP_000004297
JI01_001782950,MZP_000004298
JI01_001790423,MZP_000004299
JI01_001819697,MZP_000004300
JI01_001835883,MZP_000004301
JI01_001835965,MZP_000004302
JI01_001837006,MZP_000004303
JI01_001839065,MZP_000004304
JI01_001844546,MZP_000004305
JI01_000271342,MZP_000004306
JI01_000291881,MZP_000004307
JI01_000295716,MZP_000004308
JI01_000301631,MZP_000004309
JI01_000307991,MZP_000003103
JI01_000309961,MZP_000004310
JI01_000336031,MZP_000004311
JI01_000338722,MZP_000004312
JI01_000339580,MZP_000004313
JI01_000370022,MZP_000004314
JI01_000378321,MZP_000004315
JI01_000409605,MZP_000004316
JI01_000412507,MZP_000001821
JI01_000416992,MZP_000004317
JI01_000442663,MZP_000004318
JI01_000442833,MZP_000004319
JI01_000452502,MZP_000004320
JI01_000469613,MZP_000004321
JI01_000473318,MZP_000004322
JI01_000480807,MZP_000004323
JI01_000482229,MZP_000004324
JI01_000484205,MZP_000004325
JI01_000486841,MZP_000004326
JI01_000502392,MZP_000004327
JI01_000505872,MZP_000004328
JI01_000515934,MZP_000001705
JI01_000531083,MZP_000004329
JI01_000536400,MZP_000004330
JI01_000542970,MZP_000004331
JI01_000547406,MZP_000004332
JI01_000548322,MZP_000004333
JI01_000557579,MZP_000004334
JI01_000562248,MZP_000004335
JI01_000580208,MZP_000004336
JI01_000598857,MZP_000004337
JI01_000608791,MZP_000004338
JI01_000608986,MZP_000004339
JI01_000610752,MZP_000004340
JI01_000619828,MZP_000004341
JI01_000620215,MZP_000004342
JI01_000621337,MZP_000004343
JI01_000640602,MZP_000004344
JI01_000641069,MZP_000004345
JI01_000652260,MZP_000004346
JI01_000678733,MZP_000003388
JI01_000682059,MZP_000004347
JI01_000682167,MZP_000004348
JI01_000689897,MZP_000004349
JI01_000692607,MZP_000004350
JI01_000697716,MZP_000004351
JI01_000709804,MZP_000004352
JI01_000722686,MZP_000004353
JI01_000724830,MZP_000000679
JI01_000731793,MZP_000004354
JI01_000733390,MZP_000004355
JI01_000738693,MZP_000004356
JI01_000749235,MZP_000004357
JI01_000751085,MZP_000004358
JI01_000776027,MZP_000004359
JI01_000778534,MZP_000001284
JI01_000789958,MZP_000004360
JI01_000790685,MZP_000004361
JI01_000796340,MZP_000004362
JI01_000796798,MZP_000004363
JI01_000798550,MZP_000004364
JI01_000800248,MZP_000004365
JI01_000809954,MZP_000004366
JI01_000810934,MZP_000004367
JI01_000816172,MZP_000004368
JI01_000816545,MZP_000004369
JI01_000819547,MZP_000004370
JI01_000824870,MZP_000002861
JI01_000831832,MZP_000004371
JI01_000834677,MZP_000004372
JI01_000834950,MZP_000001141
JI01_000836356,MZP_000004373
JI01_000855191,MZP_000004374
JI01_000855536,MZP_000004375
JI01_000859488,MZP_000004376
JI01_000869762,MZP_000004377
JI01_000878362,MZP_000004378
JI01_000879147,MZP_000004379
JI01_000879451,MZP_000004380
JI01_000881060,MZP_000004381
JI01_000888854,MZP_000004382
JI01_000905910,MZP_000004383
JI01_000912072,MZP_000004384
JI01_000913850,MZP_000004385
JI01_000926204,MZP_000004386
JI01_000939448,MZP_000004387
JI01_000953190,MZP_000004388
JI01_000954259,MZP_000004389
JI01_000967670,MZP_000004390
JI01_000970981,MZP_000001385
JI01_000972519,MZP_000004391
JI01_000979931,MZP_000004392
JI01_000983624,MZP_000004393
JI01_000995460,MZP_000004394
JI01_001011947,MZP_000004395
JI01_001022853,MZP_000004396
JI01_001060114,MZP_000004397
JI01_001060322,MZP_000004398
JI01_001061641,MZP_000004399
JI01_001063259,MZP_000004400
JI01_001066722,MZP_000004401
JI01_001068898,MZP_000000389
JI01_001075988,MZP_000004402
JI01_001077132,MZP_000004403
JI01_001107840,MZP_000004404
JI01_001108075,MZP_000004405
JI01_001140277,MZP_000004406
JI01_001140683,MZP_000004407
JI01_001178188,MZP_000004408
JI01_001202508,MZP_000004409
JI01_001203091,MZP_000004410
JI01_001211041,MZP_000004411
JI01_001235148,MZP_000004412
JI01_001236461,MZP_000004413
JI01_001236499,MZP_000004414
JI01_001238446,MZP_000004415
JI01_001262145,MZP_000004416
JI01_001267113,MZP_000000964
JI01_001268947,MZP_000004417
JI01_001270238,MZP_000004418
JI01_001270872,MZP_000004419
JI01_001272443,MZP_000004420
JI01_001283479,MZP_000004421
JI01_001289172,MZP_000004422
JI01_001306575,MZP_000004423
JI01_001308868,MZP_000004424
JI01_001309467,MZP_000004425
JI01_001323590,MZP_000004426
JI01_001327223,MZP_000004427
JI01_001331755,MZP_000004428
JI01_001335166,MZP_000004429
JI01_001338990,MZP_000004430
JI01_001345685,MZP_000004431
JI01_001345858,MZP_000004432
JI01_001346666,MZP_000004433
JI01_001349595,MZP_000004434
JI01_001352555,MZP_000004435
JI01_001361282,MZP_000004436
JI01_001374666,MZP_000004437
JI01_001374982,MZP_000004438
JI01_001375098,MZP_000004439
JI01_001376754,MZP_000004440
JI01_001379911,MZP_000004441
JI01_001392343,MZP_000004442
JI01_001392660,MZP_000004443
JI01_001407742,MZP_000004444
JI01_001409592,MZP_000004445
JI01_001417124,MZP_000004446
JI01_001436368,MZP_000004447
JI01_001463500,MZP_000004448
JI01_001463734,MZP_000004449
JI01_001502274,MZP_000004450
JI01_001505609,MZP_000004451
JI01_001507572,MZP_000004452
JI01_001521890,MZP_000003110
JI01_001530030,MZP_000004453
JI01_001532356,MZP_000004454
JI01_001532837,MZP_000004455
JI01_001536474,MZP_000004456
JI01_001537920,MZP_000004457
JI01_001560211,MZP_000004458
JI01_001573248,MZP_000004459
JI01_001591250,MZP_000004460
JI01_001591808,MZP_000004461
JI01_001592605,MZP_000004462
JI01_001604627,MZP_000004463
JI01_001608144,MZP_000004464
JI01_001613839,MZP_000004465
JI01_001616496,MZP_000004466
JI01_001623181,MZP_000004467
JI01_001625675,MZP_000004468
JI01_001626373,MZP_000004469
JI01_001629755,MZP_000004470
JI01_001630331,MZP_000004471
JI01_001631966,MZP_000004472
JI01_001641467,MZP_000004473
JI01_001642658,MZP_000004474
JI01_001643742,MZP_000004475
JI01_001643982,MZP_000004476
JI01_001646597,MZP_000004477
JI01_001649351,MZP_000004478
JI01_001649523,MZP_000004479
JI01_001649694,MZP_000004480
JI01_001661329,MZP_000004481
JI01_001667970,MZP_000004482
JI01_001675078,MZP_000004483
JI01_001676099,MZP_000004484
JI01_001679972,MZP_000004485
JI01_001682451,MZP_000004486
JI01_001696183,MZP_000004487
JI01_001699196,MZP_000004488
JI01_001699839,MZP_000004489
JI01_001703847,MZP_000000524
JI01_001710050,MZP_000004490
JI01_001710186,MZP_000004491
JI01_001738638,MZP_000004492
JI01_001739948,MZP_000004493
JI01_001769954,MZP_000000858
JI01_001790899,MZP_000004494
JI01_001809035,MZP_000004495
JI01_001816109,MZP_000004496
JI01_001836034,MZP_000004497
JI01_001836582,MZP_000004498
JI01_001841177,MZP_000004499
JI01_001848130,MZP_000004500
JI01_001850196,MZP_000004501
JI01_001856927,MZP_000004502
JI01_001858090,MZP_000004503
JI01_001861632,MZP_000004504
JI01_000276507,MZP_000004505
JI01_000276662,MZP_000004506
JI01_000281610,MZP_000004507
JI01_000281829,MZP_000004508
JI01_000282931,MZP_000004509
JI01_000289728,MZP_000004510
JI01_000294943,MZP_000004511
JI01_000295886,MZP_000004512
JI01_000299135,MZP_000004513
JI01_000299355,MZP_000004514
JI01_000305560,MZP_000004515
JI01_000306075,MZP_000004516
JI01_000306516,MZP_000004517
JI01_000319484,MZP_000004518
JI01_000321434,MZP_000004519
JI01_000327224,MZP_000004520
JI01_000332166,MZP_000004521
JI01_000334198,MZP_000004522
JI01_000337157,MZP_000004523
JI01_000337515,MZP_000004524
JI01_000341166,MZP_000004525
JI01_000344625,MZP_000004526
JI01_000347480,MZP_000004527
JI01_000349576,MZP_000004528
JI01_000351078,MZP_000000334
JI01_000353310,MZP_000004529
JI01_000353723,MZP_000004530
JI01_000364242,MZP_000004531
JI01_000368105,MZP_000004532
JI01_000391827,MZP_000004533
JI01_000392854,MZP_000004534
JI01_000395218,MZP_000004535
JI01_000396621,MZP_000004536
JI01_000400999,MZP_000004537
JI01_000405654,MZP_000004538
JI01_000416502,MZP_000004539
JI01_000416552,MZP_000004540
JI01_000422033,MZP_000004541
JI01_000430904,MZP_000004542
JI01_000431577,MZP_000004543
JI01_000436139,MZP_000004544
JI01_000443533,MZP_000004545
JI01_000445060,MZP_000004546
JI01_000447177,MZP_000004547
JI01_000453280,MZP_000004548
JI01_000457108,MZP_000004549
JI01_000457981,MZP_000004550
JI01_000464599,MZP_000004551
JI01_000468386,MZP_000004552
JI01_000476308,MZP_000004553
JI01_000476571,MZP_000004554
JI01_000478801,MZP_000004555
JI01_000480546,MZP_000004556
JI01_000481561,MZP_000004557
JI01_000483790,MZP_000004558
JI01_000485731,MZP_000004559
JI01_000486004,MZP_000004560
JI01_000492441,MZP_000004561
JI01_000492735,MZP_000004562
JI01_000496457,MZP_000004563
JI01_000504174,MZP_000004564
JI01_000504983,MZP_000004565
JI01_000505701,MZP_000004566
JI01_000506773,MZP_000004567
JI01_000508618,MZP_000004568
JI01_000512698,MZP_000004569
JI01_000514741,MZP_000004570
JI01_000516064,MZP_000004571
JI01_000517219,MZP_000004572
JI01_000517940,MZP_000004573
JI01_000518905,MZP_000004574
JI01_000523147,MZP_000004575
JI01_000524986,MZP_000004576
JI01_000525621,MZP_000004577
JI01_000527475,MZP_000004578
JI01_000527745,MZP_000004579
JI01_000529398,MZP_000004580
JI01_000532416,MZP_000004581
JI01_000536695,MZP_000004582
JI01_000537668,MZP_000004583
JI01_000540486,MZP_000004584
JI01_000540507,MZP_000004585
JI01_000547767,MZP_000004586
JI01_000548706,MZP_000004587
JI01_000550994,MZP_000004588
JI01_000553700,MZP_000004589
JI01_000555334,MZP_000004590
JI01_000555986,MZP_000004591
JI01_000557301,MZP_000004592
JI01_000557845,MZP_000004593
JI01_000558200,MZP_000004594
JI01_000559501,MZP_000004595
JI01_000559536,MZP_000004596
JI01_000560248,MZP_000001133
JI01_000563054,MZP_000004597
JI01_000565003,MZP_000004598
JI01_000565456,MZP_000004599
JI01_000565834,MZP_000004600
JI01_000566947,MZP_000004601
JI01_000568138,MZP_000004602
JI01_000569188,MZP_000004603
JI01_000571928,MZP_000004604
JI01_000573267,MZP_000004605
JI01_000573349,MZP_000004606
JI01_000576780,MZP_000004607
JI01_000577147,MZP_000004608
JI01_000577244,MZP_000004609
JI01_000578197,MZP_000004610
JI01_000579512,MZP_000004611
JI01_000582042,MZP_000004612
JI01_000583608,MZP_000004613
JI01_000586497,MZP_000004614
JI01_000587713,MZP_000004615
JI01_000588618,MZP_000004616
JI01_000589079,MZP_000004617
JI01_000593322,MZP_000004618
JI01_000593522,MZP_000004619
JI01_000596344,MZP_000004620
JI01_000607358,MZP_000004621
JI01_000612519,MZP_000004622
JI01_000613117,MZP_000004623
JI01_000614059,MZP_000004624
JI01_000618681,MZP_000004625
JI01_000626117,MZP_000004626
JI01_000627690,MZP_000004627
JI01_000628384,MZP_000004628
JI01_000629573,MZP_000004629
JI01_000630239,MZP_000004630
JI01_000631578,MZP_000004631
JI01_000636407,MZP_000004632
JI01_000638508,MZP_000004633
JI01_000652440,MZP_000004634
JI01_000653910,MZP_000004635
JI01_000654772,MZP_000004636
JI01_000654793,MZP_000004637
JI01_000658449,MZP_000004638
JI01_000664347,MZP_000004639
JI01_000667367,MZP_000004640
JI01_000669304,MZP_000004641
JI01_000671071,MZP_000004642
JI01_000673990,MZP_000004643
JI01_000676520,MZP_000004644
JI01_000677313,MZP_000004645
JI01_000677835,MZP_000004646
JI01_000678781,MZP_000001603
JI01_000680334,MZP_000004647
JI01_000691682,MZP_000004648
JI01_000691802,MZP_000004649
JI01_000693289,MZP_000004650
JI01_000694094,MZP_000004651
JI01_000697972,MZP_000004652
JI01_000698225,MZP_000004653
JI01_000700039,MZP_000004654
JI01_000703408,MZP_000004655
JI01_000705179,MZP_000004656
JI01_000706257,MZP_000004657
JI01_000709397,MZP_000004658
JI01_000709850,MZP_000004659
JI01_000711621,MZP_000004660
JI01_000712483,MZP_000004661
JI01_000718312,MZP_000004662
JI01_000723780,MZP_000004663
JI01_000726102,MZP_000004664
JI01_000726253,MZP_000004665
JI01_000726461,MZP_000004666
JI01_000727169,MZP_000004667
JI01_000727183,MZP_000001046
JI01_000727755,MZP_000004668
JI01_000728805,MZP_000004669
JI01_000730514,MZP_000004670
JI01_000730715,MZP_000004671
JI01_000734246,MZP_000004672
JI01_000737075,MZP_000004673
JI01_000741010,MZP_000004674
JI01_000742153,MZP_000004675
JI01_000742498,MZP_000004676
JI01_000743350,MZP_000004677
JI01_000743884,MZP_000004678
JI01_000744281,MZP_000004679
JI01_000747701,MZP_000004680
JI01_000750588,MZP_000004681
JI01_000750781,MZP_000004682
JI01_000751481,MZP_000004683
JI01_000751782,MZP_000004684
JI01_000753108,MZP_000001426
JI01_000758160,MZP_000004685
JI01_000760835,MZP_000004686
JI01_000761896,MZP_000004687
JI01_000763464,MZP_000004688
JI01_000765517,MZP_000004689
JI01_000765540,MZP_000004690
JI01_000769010,MZP_000004691
JI01_000769338,MZP_000004692
JI01_000771399,MZP_000004693
JI01_000771449,MZP_000004694
JI01_000771705,MZP_000004695
JI01_000772605,MZP_000004696
JI01_000773961,MZP_000004697
JI01_000775048,MZP_000004698
JI01_000775948,MZP_000004699
JI01_000777678,MZP_000004700
JI01_000778426,MZP_000004701
JI01_000779336,MZP_000004702
JI01_000779990,MZP_000004703
JI01_000782639,MZP_000004704
JI01_000784881,MZP_000004705
JI01_000785280,MZP_000001984
JI01_000788161,MZP_000004706
JI01_000788211,MZP_000004707
JI01_000788466,MZP_000004708
JI01_000791873,MZP_000004709
JI01_000792948,MZP_000004710
JI01_000793977,MZP_000004711
JI01_000797155,MZP_000004712
JI01_000797767,MZP_000004713
JI01_000798204,MZP_000004714
JI01_000798626,MZP_000004715
JI01_000799019,MZP_000004716
JI01_000799634,MZP_000004717
JI01_000800550,MZP_000004718
JI01_000801402,MZP_000004719
JI01_000802346,MZP_000004720
JI01_000804486,MZP_000004721
JI01_000804501,MZP_000004722
JI01_000805573,MZP_000004723
JI01_000807725,MZP_000004724
JI01_000808073,MZP_000004725
JI01_000808752,MZP_000004726
JI01_000809028,MZP_000004727
JI01_000809390,MZP_000004728
JI01_000809745,MZP_000004729
JI01_000809750,MZP_000004730
JI01_000812060,MZP_000004731
JI01_000812104,MZP_000004732
JI01_000813438,MZP_000004733
JI01_000813546,MZP_000004734
JI01_000814379,MZP_000004735
JI01_000815855,MZP_000004736
JI01_000816808,MZP_000004737
JI01_000818990,MZP_000004738
JI01_000820607,MZP_000004739
JI01_000825444,MZP_000004740
JI01_000825988,MZP_000004741
JI01_000828128,MZP_000004742
JI01_000830086,MZP_000004743
JI01_000830417,MZP_000004744
JI01_000836719,MZP_000004745
JI01_000837933,MZP_000004746
JI01_000838412,MZP_000004747
JI01_000838640,MZP_000004748
JI01_000839290,MZP_000004749
JI01_000839896,MZP_000004750
JI01_000843200,MZP_000004751
JI01_000843655,MZP_000004752
JI01_000843718,MZP_000004753
JI01_000845826,MZP_000004754
JI01_000845958,MZP_000004755
JI01_000846545,MZP_000004756
JI01_000847383,MZP_000004757
JI01_000847942,MZP_000004758
JI01_000848672,MZP_000004759
JI01_000849061,MZP_000004760
JI01_000849396,MZP_000004761
JI01_000850258,MZP_000004762
JI01_000850488,MZP_000004763
JI01_000854803,MZP_000004764
JI01_000855666,MZP_000004765
JI01_000856237,MZP_000004766
JI01_000856530,MZP_000004767
JI01_000856638,MZP_000004768
JI01_000857365,MZP_000004769
JI01_000857489,MZP_000004770
JI01_000857533,MZP_000004771
JI01_000858539,MZP_000004772
JI01_000861283,MZP_000004773
JI01_000861455,MZP_000004774
JI01_000863324,MZP_000004775
JI01_000863809,MZP_000004776
JI01_000864018,MZP_000004777
JI01_000866268,MZP_000004778
JI01_000866472,MZP_000004779
JI01_000867769,MZP_000004780
JI01_000869285,MZP_000004781
JI01_000870673,MZP_000004782
JI01_000870690,MZP_000004783
JI01_000871886,MZP_000004784
JI01_000875003,MZP_000001651
JI01_000882023,MZP_000004785
JI01_000882842,MZP_000004786
JI01_000884805,MZP_000004787
JI01_000885651,MZP_000004788
JI01_000886830,MZP_000004789
JI01_000887263,MZP_000004790
JI01_000888989,MZP_000004791
JI01_000890110,MZP_000002949
JI01_000890908,MZP_000004792
JI01_000890916,MZP_000004793
JI01_000891816,MZP_000004794
JI01_000891926,MZP_000004795
JI01_000893931,MZP_000004796
JI01_000894507,MZP_000004797
JI01_000895597,MZP_000004798
JI01_000897874,MZP_000004799
JI01_000899657,MZP_000004800
JI01_000899766,MZP_000004801
JI01_000905691,MZP_000004802
JI01_000905781,MZP_000004803
JI01_000913835,MZP_000004804
JI01_000916184,MZP_000004805
JI01_000917283,MZP_000004806
JI01_000920462,MZP_000004807
JI01_000922653,MZP_000004808
JI01_000923104,MZP_000004809
JI01_000924755,MZP_000004810
JI01_000925997,MZP_000004811
JI01_000926161,MZP_000004812
JI01_000927082,MZP_000004813
JI01_000927135,MZP_000004814
JI01_000927451,MZP_000004815
JI01_000927842,MZP_000004816
JI01_000932841,MZP_000004817
JI01_000933339,MZP_000004818
JI01_000933742,MZP_000004819
JI01_000935437,MZP_000004820
JI01_000936348,MZP_000004821
JI01_000937074,MZP_000004822
JI01_000937149,MZP_000004823
JI01_000941250,MZP_000004824
JI01_000942908,MZP_000004825
JI01_000943424,MZP_000004826
JI01_000944303,MZP_000004827
JI01_000945993,MZP_000004828
JI01_000946237,MZP_000004829
JI01_000946989,MZP_000004830
JI01_000947239,MZP_000004831
JI01_000953077,MZP_000004832
JI01_000954385,MZP_000004833
JI01_000955438,MZP_000004834
JI01_000955504,MZP_000004835
JI01_000958124,MZP_000004836
JI01_000959134,MZP_000004837
JI01_000959483,MZP_000004838
JI01_000959848,MZP_000004839
JI01_000960474,MZP_000004840
JI01_000964113,MZP_000004841
JI01_000967051,MZP_000004842
JI01_000967967,MZP_000004843
JI01_000969525,MZP_000004844
JI01_000970154,MZP_000004845
JI01_000971256,MZP_000004846
JI01_000972465,MZP_000004847
JI01_000973060,MZP_000004848
JI01_000974466,MZP_000004849
JI01_000975226,MZP_000000976
JI01_000977887,MZP_000004850
JI01_000978055,MZP_000004851
JI01_000980049,MZP_000004852
JI01_000983580,MZP_000004853
JI01_000983744,MZP_000004854
JI01_000983983,MZP_000004855
JI01_000984031,MZP_000004856
JI01_000984316,MZP_000004857
JI01_000986287,MZP_000004858
JI01_000986865,MZP_000004859
JI01_000987967,MZP_000004860
JI01_000988932,MZP_000004861
JI01_000992357,MZP_000004862
JI01_000993739,MZP_000004863
JI01_000996444,MZP_000004864
JI01_000999766,MZP_000004865
JI01_001001635,MZP_000004866
JI01_001005528,MZP_000004867
JI01_001006238,MZP_000004868
JI01_001006382,MZP_000004869
JI01_001012396,MZP_000004870
JI01_001013875,MZP_000004871
JI01_001015038,MZP_000004872
JI01_001018990,MZP_000004873
JI01_001021775,MZP_000004874
JI01_001022223,MZP_000004875
JI01_001026187,MZP_000004876
JI01_001026368,MZP_000004877
JI01_001035190,MZP_000004878
JI01_001042013,MZP_000004879
JI01_001046090,MZP_000004880
JI01_001046681,MZP_000004881
JI01_001049113,MZP_000004882
JI01_001051880,MZP_000004883
JI01_001059067,MZP_000004884
JI01_001060136,MZP_000004885
JI01_001061440,MZP_000004886
JI01_001061585,MZP_000004887
JI01_001063682,MZP_000004888
JI01_001064732,MZP_000004889
JI01_001064757,MZP_000004890
JI01_001065052,MZP_000004891
JI01_001065494,MZP_000004892
JI01_001065989,MZP_000004893
JI01_001066436,MZP_000004894
JI01_001068349,MZP_000004895
JI01_001068508,MZP_000004896
JI01_001069651,MZP_000004897
JI01_001069856,MZP_000004898
JI01_001070211,MZP_000004899
JI01_001071099,MZP_000004900
JI01_001071301,MZP_000004901
JI01_001071785,MZP_000004902
JI01_001072112,MZP_000004903
JI01_001073710,MZP_000004904
JI01_001076097,MZP_000004905
JI01_001076385,MZP_000004906
JI01_001077263,MZP_000004907
JI01_001077357,MZP_000004908
JI01_001078111,MZP_000004909
JI01_001078772,MZP_000004910
JI01_001080137,MZP_000004911
JI01_001081442,MZP_000004912
JI01_001081656,MZP_000004913
JI01_001081747,MZP_000004914
JI01_001081978,MZP_000004915
JI01_001082460,MZP_000004916
JI01_001082748,MZP_000004917
JI01_001083156,MZP_000004918
JI01_001083712,MZP_000004919
JI01_001083833,MZP_000004920
JI01_001083976,MZP_000004921
JI01_001084723,MZP_000004922
JI01_001085237,MZP_000004923
JI01_001085441,MZP_000004924
JI01_001085666,MZP_000004925
JI01_001088810,MZP_000004926
JI01_001090509,MZP_000004927
JI01_001099605,MZP_000004928
JI01_001100114,MZP_000004929
JI01_001101923,MZP_000004930
JI01_001107733,MZP_000004931
JI01_001111488,MZP_000004932
JI01_001115071,MZP_000004933
JI01_001116990,MZP_000004934
JI01_001117998,MZP_000004935
JI01_001118685,MZP_000004936
JI01_001120508,MZP_000004937
JI01_001121155,MZP_000004938
JI01_001122365,MZP_000004939
JI01_001129699,MZP_000004940
JI01_001132132,MZP_000004941
JI01_001133262,MZP_000004942
JI01_001135851,MZP_000004943
JI01_001138174,MZP_000004944
JI01_001138584,MZP_000004945
JI01_001140060,MZP_000004946
JI01_001143379,MZP_000004947
JI01_001150547,MZP_000004948
JI01_001153358,MZP_000004949
JI01_001153400,MZP_000004950
JI01_001156398,MZP_000004951
JI01_001169330,MZP_000004952
JI01_001173579,MZP_000004953
JI01_001175017,MZP_000004954
JI01_001177657,MZP_000004955
JI01_001177751,MZP_000004956
JI01_001179284,MZP_000004957
JI01_001180383,MZP_000004958
JI01_001180422,MZP_000004959
JI01_001182858,MZP_000001240
JI01_001183966,MZP_000004960
JI01_001183970,MZP_000004961
JI01_001190030,MZP_000004962
JI01_001197206,MZP_000004963
JI01_001200810,MZP_000004964
JI01_001204596,MZP_000004965
JI01_001208757,MZP_000004966
JI01_001213882,MZP_000004967
JI01_001217866,MZP_000004968
JI01_001218783,MZP_000004969
JI01_001230768,MZP_000004970
JI01_001232069,MZP_000004971
JI01_001233176,MZP_000004972
JI01_001233241,MZP_000004973
JI01_001234071,MZP_000004974
JI01_001235252,MZP_000004975
JI01_001237880,MZP_000004976
JI01_001242067,MZP_000004977
JI01_001242356,MZP_000004978
JI01_001242580,MZP_000004979
JI01_001242960,MZP_000004980
JI01_001243892,MZP_000004981
JI01_001248048,MZP_000004982
JI01_001249095,MZP_000004983
JI01_001249908,MZP_000004984
JI01_001250044,MZP_000004985
JI01_001250252,MZP_000004986
JI01_001250661,MZP_000004987
JI01_001256198,MZP_000004988
JI01_001258901,MZP_000004989
JI01_001259445,MZP_000004990
JI01_001260280,MZP_000004991
JI01_001260446,MZP_000004992
JI01_001261418,MZP_000004993
JI01_001261763,MZP_000004994
JI01_001262628,MZP_000004995
JI01_001262890,MZP_000004996
JI01_001262892,MZP_000004997
JI01_001263150,MZP_000004998
JI01_001263448,MZP_000004999
JI01_001263464,MZP_000005000
JI01_001264065,MZP_000005001
JI01_001264078,MZP_000005002
JI01_001264082,MZP_000005003
JI01_001264415,MZP_000005004
JI01_001265926,MZP_000005005
JI01_001266235,MZP_000005006
JI01_001268359,MZP_000005007
JI01_001269473,MZP_000005008
JI01_001269920,MZP_000005009
JI01_001271079,MZP_000005010
JI01_001272424,MZP_000005011
JI01_001272713,MZP_000005012
JI01_001276773,MZP_000005013
JI01_001278920,MZP_000005014
JI01_001280027,MZP_000005015
JI01_001280372,MZP_000005016
JI01_001281626,MZP_000005017
JI01_001283783,MZP_000005018
JI01_001283834,MZP_000005019
JI01_001285655,MZP_000005020
JI01_001285671,MZP_000005021
JI01_001286680,MZP_000005022
JI01_001286942,MZP_000005023
JI01_001287775,MZP_000005024
JI01_001288839,MZP_000005025
JI01_001290999,MZP_000005026
JI01_001291168,MZP_000005027
JI01_001291448,MZP_000005028
JI01_001291785,MZP_000005029
JI01_001291999,MZP_000005030
JI01_001292426,MZP_000005031
JI01_001292567,MZP_000005032
JI01_001294082,MZP_000005033
JI01_001294421,MZP_000005034
JI01_001294732,MZP_000005035
JI01_001294927,MZP_000005036
JI01_001295402,MZP_000005037
JI01_001298230,MZP_000005038
JI01_001303469,MZP_000005039
JI01_001305970,MZP_000005040
JI01_001311180,MZP_000005041
JI01_001311642,MZP_000005042
JI01_001315177,MZP_000005043
JI01_001315351,MZP_000005044
JI01_001315623,MZP_000005045
JI01_001316985,MZP_000005046
JI01_001316993,MZP_000005047
JI01_001317164,MZP_000005048
JI01_001317339,MZP_000005049
JI01_001319077,MZP_000005050
JI01_001325238,MZP_000005051
JI01_001328336,MZP_000005052
JI01_001328553,MZP_000005053
JI01_001329164,MZP_000005054
JI01_001329221,MZP_000005055
JI01_001329869,MZP_000005056
JI01_001331461,MZP_000005057
JI01_001331871,MZP_000005058
JI01_001332406,MZP_000005059
JI01_001333070,MZP_000005060
JI01_001337031,MZP_000005061
JI01_001337157,MZP_000005062
JI01_001340638,MZP_000005063
JI01_001340889,MZP_000005064
JI01_001341173,MZP_000005065
JI01_001341236,MZP_000005066
JI01_001341865,MZP_000005067
JI01_001342256,MZP_000005068
JI01_001342367,MZP_000005069
JI01_001346073,MZP_000005070
JI01_001346346,MZP_000005071
JI01_001346624,MZP_000005072
JI01_001347139,MZP_000005073
JI01_001348902,MZP_000005074
JI01_001350209,MZP_000005075
JI01_001350377,MZP_000005076
JI01_001351984,MZP_000005077
JI01_001352076,MZP_000005078
JI01_001353123,MZP_000005079
JI01_001353231,MZP_000005080
JI01_001353376,MZP_000005081
JI01_001356282,MZP_000005082
JI01_001356815,MZP_000005083
JI01_001358306,MZP_000005084
JI01_001359320,MZP_000005085
JI01_001361183,MZP_000005086
JI01_001361714,MZP_000005087
JI01_001364902,MZP_000005088
JI01_001365030,MZP_000005089
JI01_001365582,MZP_000005090
JI01_001367879,MZP_000005091
JI01_001370631,MZP_000005092
JI01_001375517,MZP_000005093
JI01_001375683,MZP_000005094
JI01_001377150,MZP_000005095
JI01_001380357,MZP_000005096
JI01_001380775,MZP_000005097
JI01_001381192,MZP_000005098
JI01_001381574,MZP_000005099
JI01_001381641,MZP_000005100
JI01_001386332,MZP_000005101
JI01_001386440,MZP_000005102
JI01_001386676,MZP_000005103
JI01_001389185,MZP_000005104
JI01_001389655,MZP_000005105
JI01_001389706,MZP_000005106
JI01_001392326,MZP_000005107
JI01_001393465,MZP_000005108
JI01_001394234,MZP_000005109
JI01_001394629,MZP_000005110
JI01_001395051,MZP_000005111
JI01_001395572,MZP_000005112
JI01_001396961,MZP_000005113
JI01_001398820,MZP_000005114
JI01_001399719,MZP_000005115
JI01_001400051,MZP_000005116
JI01_001400384,MZP_000005117
JI01_001401023,MZP_000005118
JI01_001401325,MZP_000005119
JI01_001402698,MZP_000005120
JI01_001403219,MZP_000005121
JI01_001404822,MZP_000005122
JI01_001405111,MZP_000005123
JI01_001406475,MZP_000005124
JI01_001407156,MZP_000005125
JI01_001411725,MZP_000005126
JI01_001413174,MZP_000005127
JI01_001414552,MZP_000005128
JI01_001414936,MZP_000005129
JI01_001415419,MZP_000005130
JI01_001415646,MZP_000005131
JI01_001416146,MZP_000005132
JI01_001417320,MZP_000005133
JI01_001419691,MZP_000005134
JI01_001420324,MZP_000005135
JI01_001422571,MZP_000005136
JI01_001423855,MZP_000005137
JI01_001424313,MZP_000005138
JI01_001426432,MZP_000005139
JI01_001432882,MZP_000005140
JI01_001441532,MZP_000005141
JI01_001441639,MZP_000005142
JI01_001442721,MZP_000005143
JI01_001444405,MZP_000005144
JI01_001445037,MZP_000005145
JI01_001445106,MZP_000005146
JI01_001447103,MZP_000005147
JI01_001454977,MZP_000005148
JI01_001456079,MZP_000005149
JI01_001457344,MZP_000005150
JI01_001458107,MZP_000005151
JI01_001461551,MZP_000005152
JI01_001461989,MZP_000005153
JI01_001466773,MZP_000005154
JI01_001474884,MZP_000005155
JI01_001476637,MZP_000005156
JI01_001479664,MZP_000005157
JI01_001480695,MZP_000005158
JI01_001481004,MZP_000005159
JI01_001485532,MZP_000005160
JI01_001491000,MZP_000005161
JI01_001491937,MZP_000005162
JI01_001492561,MZP_000005163
JI01_001494315,MZP_000005164
JI01_001498743,MZP_000005165
JI01_001512454,MZP_000005166
JI01_001512582,MZP_000005167
JI01_001513571,MZP_000005168
JI01_001515169,MZP_000005169
JI01_001516181,MZP_000005170
JI01_001519627,MZP_000005171
JI01_001522155,MZP_000005172
JI01_001524442,MZP_000005173
JI01_001525637,MZP_000005174
JI01_001528451,MZP_000005175
JI01_001529329,MZP_000005176
JI01_001534300,MZP_000005177
JI01_001534818,MZP_000005178
JI01_001535866,MZP_000005179
JI01_001538207,MZP_000005180
JI01_001539400,MZP_000005181
JI01_001541264,MZP_000005182
JI01_001547583,MZP_000005183
JI01_001547927,MZP_000005184
JI01_001549861,MZP_000005185
JI01_001549884,MZP_000005186
JI01_001550595,MZP_000005187
JI01_001550792,MZP_000005188
JI01_001551141,MZP_000005189
JI01_001554295,MZP_000005190
JI01_001555615,MZP_000005191
JI01_001560060,MZP_000005192
JI01_001560804,MZP_000005193
JI01_001561009,MZP_000005194
JI01_001561867,MZP_000005195
JI01_001562072,MZP_000005196
JI01_001562372,MZP_000005197
JI01_001563018,MZP_000005198
JI01_001564755,MZP_000005199
JI01_001566495,MZP_000005200
JI01_001571279,MZP_000005201
JI01_001574566,MZP_000005202
JI01_001574623,MZP_000005203
JI01_001575839,MZP_000005204
JI01_001576469,MZP_000005205
JI01_001576726,MZP_000005206
JI01_001576865,MZP_000005207
JI01_001577867,MZP_000005208
JI01_001578433,MZP_000005209
JI01_001579207,MZP_000005210
JI01_001579814,MZP_000005211
JI01_001581052,MZP_000005212
JI01_001582502,MZP_000005213
JI01_001582657,MZP_000005214
JI01_001583331,MZP_000005215
JI01_001583452,MZP_000005216
JI01_001583839,MZP_000005217
JI01_001584507,MZP_000005218
JI01_001584785,MZP_000005219
JI01_001587130,MZP_000005220
JI01_001588006,MZP_000005221
JI01_001588536,MZP_000005222
JI01_001588953,MZP_000005223
JI01_001591248,MZP_000005224
JI01_001592351,MZP_000005225
JI01_001592409,MZP_000005226
JI01_001593476,MZP_000005227
JI01_001593777,MZP_000005228
JI01_001593949,MZP_000005229
JI01_001594455,MZP_000005224
JI01_001594901,MZP_000005230
JI01_001595239,MZP_000005231
JI01_001597301,MZP_000005232
JI01_001600021,MZP_000005233
JI01_001600805,MZP_000005234
JI01_001601546,MZP_000005235
JI01_001601634,MZP_000005236
JI01_001603028,MZP_000005237
JI01_001603312,MZP_000005238
JI01_001603543,MZP_000005239
JI01_001603791,MZP_000005240
JI01_001605137,MZP_000005241
JI01_001607726,MZP_000005242
JI01_001607966,MZP_000005243
JI01_001608883,MZP_000005244
JI01_001609256,MZP_000005245
JI01_001609845,MZP_000005246
JI01_001610389,MZP_000005247
JI01_001610412,MZP_000005248
JI01_001613117,MZP_000005249
JI01_001613956,MZP_000005250
JI01_001614233,MZP_000005251
JI01_001614332,MZP_000005252
JI01_001614418,MZP_000005253
JI01_001615697,MZP_000005254
JI01_001615737,MZP_000005255
JI01_001617299,MZP_000005256
JI01_001618198,MZP_000005257
JI01_001619241,MZP_000005258
JI01_001625745,MZP_000005259
JI01_001626371,MZP_000005260
JI01_001628511,MZP_000005261
JI01_001628688,MZP_000005262
JI01_001629216,MZP_000005263
JI01_001629545,MZP_000005264
JI01_001629848,MZP_000005265
JI01_001629967,MZP_000005266
JI01_001630340,MZP_000005267
JI01_001631455,MZP_000005268
JI01_001632366,MZP_000005269
JI01_001632599,MZP_000005270
JI01_001633760,MZP_000005271
JI01_001634044,MZP_000005272
JI01_001634068,MZP_000005273
JI01_001635887,MZP_000005274
JI01_001640635,MZP_000005275
JI01_001641378,MZP_000005276
JI01_001641428,MZP_000005277
JI01_001641974,MZP_000005278
JI01_001643687,MZP_000005279
JI01_001643858,MZP_000005280
JI01_001644805,MZP_000005281
JI01_001645019,MZP_000005282
JI01_001645790,MZP_000005283
JI01_001647156,MZP_000005284
JI01_001647938,MZP_000005285
JI01_001648708,MZP_000005286
JI01_001649041,MZP_000005287
JI01_001649858,MZP_000005288
JI01_001650895,MZP_000005289
JI01_001651011,MZP_000005290
JI01_001653476,MZP_000005291
JI01_001654119,MZP_000005292
JI01_001655453,MZP_000005293
JI01_001656390,MZP_000005294
JI01_001658909,MZP_000005295
JI01_001660207,MZP_000005296
JI01_001660740,MZP_000005297
JI01_001661011,MZP_000005298
JI01_001662108,MZP_000005299
JI01_001663767,MZP_000005300
JI01_001664472,MZP_000005301
JI01_001665080,MZP_000005302
JI01_001665332,MZP_000005303
JI01_001665657,MZP_000005304
JI01_001665698,MZP_000005305
JI01_001665948,MZP_000005306
JI01_001666253,MZP_000005307
JI01_001667612,MZP_000005308
JI01_001668104,MZP_000005309
JI01_001669799,MZP_000005310
JI01_001670129,MZP_000005311
JI01_001670747,MZP_000005312
JI01_001670801,MZP_000005313
JI01_001671560,MZP_000005314
JI01_001671644,MZP_000005315
JI01_001672223,MZP_000005316
JI01_001672493,MZP_000005317
JI01_001672853,MZP_000005318
JI01_001673150,MZP_000005319
JI01_001673710,MZP_000005320
JI01_001674313,MZP_000005321
JI01_001674419,MZP_000005322
JI01_001675016,MZP_000005323
JI01_001675307,MZP_000005324
JI01_001675812,MZP_000005325
JI01_001678850,MZP_000005326
JI01_001682025,MZP_000005327
JI01_001683954,MZP_000005328
JI01_001684689,MZP_000005329
JI01_001685191,MZP_000005330
JI01_001686383,MZP_000005331
JI01_001687745,MZP_000005332
JI01_001688888,MZP_000005333
JI01_001689371,MZP_000005334
JI01_001690063,MZP_000005335
JI01_001690520,MZP_000005336
JI01_001690839,MZP_000005337
JI01_001692514,MZP_000005338
JI01_001693786,MZP_000005339
JI01_001697004,MZP_000005340
JI01_001697007,MZP_000005341
JI01_001697991,MZP_000005342
JI01_001698125,MZP_000005343
JI01_001698139,MZP_000005344
JI01_001702700,MZP_000005345
JI01_001703374,MZP_000005346
JI01_001703512,MZP_000005347
JI01_001703577,MZP_000005348
JI01_001706461,MZP_000005349
JI01_001707441,MZP_000005350
JI01_001711526,MZP_000005351
JI01_001712447,MZP_000005352
JI01_001712725,MZP_000005353
JI01_001713394,MZP_000005354
JI01_001713731,MZP_000005355
JI01_001714900,MZP_000005356
JI01_001715412,MZP_000005357
JI01_001715793,MZP_000005358
JI01_001715800,MZP_000005359
JI01_001716151,MZP_000005360
JI01_001717457,MZP_000005361
JI01_001717736,MZP_000005362
JI01_001718647,MZP_000005363
JI01_001718889,MZP_000005364
JI01_001718970,MZP_000005365
JI01_001719853,MZP_000005366
JI01_001723281,MZP_000005367
JI01_001723376,MZP_000005368
JI01_001723589,MZP_000005369
JI01_001731949,MZP_000005370
JI01_001735747,MZP_000005371
JI01_001738027,MZP_000005372
JI01_001738937,MZP_000005373
JI01_001740302,MZP_000005374
JI01_001741036,MZP_000005375
JI01_001744703,MZP_000005376
JI01_001747609,MZP_000005377
JI01_001755634,MZP_000005378
JI01_001757120,MZP_000005379
JI01_001758508,MZP_000005380
JI01_001758550,MZP_000005381
JI01_001759277,MZP_000001325
JI01_001763274,MZP_000005382
JI01_001765507,MZP_000005383
JI01_001766221,MZP_000005384
JI01_001768724,MZP_000005385
JI01_001769532,MZP_000005386
JI01_001771329,MZP_000005387
JI01_001771489,MZP_000005388
JI01_001771644,MZP_000005389
JI01_001772563,MZP_000005390
JI01_001772645,MZP_000005391
JI01_001773797,MZP_000005392
JI01_001775403,MZP_000005393
JI01_001776811,MZP_000005394
JI01_001783371,MZP_000005395
JI01_001783789,MZP_000005396
JI01_001784473,MZP_000005397
JI01_001785613,MZP_000005398
JI01_001788415,MZP_000005399
JI01_001792410,MZP_000005400
JI01_001796570,MZP_000005401
JI01_001796593,MZP_000005402
JI01_001796703,MZP_000005403
JI01_001799534,MZP_000005404
JI01_001800197,MZP_000005405
JI01_001802115,MZP_000005406
JI01_001803307,MZP_000005407
JI01_001803724,MZP_000005408
JI01_001813003,MZP_000005409
JI01_001813947,MZP_000005410
JI01_001820345,MZP_000005411
JI01_001820779,MZP_000005412
JI01_001823110,MZP_000005413
JI01_001825603,MZP_000005414
JI01_001827865,MZP_000005415
JI01_001830446,MZP_000005416
JI01_001831013,MZP_000005417
JI01_001832417,MZP_000005418
JI01_001832473,MZP_000005419
JI01_001834588,MZP_000005420
JI01_001838122,MZP_000005421
JI01_001843180,MZP_000005422
JI01_001843578,MZP_000005423
JI01_001847756,MZP_000005424
JI01_001847798,MZP_000005425
JI01_001847860,MZP_000001180
JI01_001851385,MZP_000005426
JI01_001852444,MZP_000005427
JI01_001855105,MZP_000005428
JI01_001858646,MZP_000005429
JI01_001859978,MZP_000005430
JI01_001860254,MZP_000005431
JI01_001860344,MZP_000005432
JI01_001863628,MZP_000005433
JI01_001863664,MZP_000005434
JI01_001865153,MZP_000005435
JI01_001865437,MZP_000005436
JI01_001865760,MZP_000005437
JI01_001866078,MZP_000005438
JI01_001867108,MZP_000005439
JI01_001868081,MZP_000005440
JI01_001868092,MZP_000005441
JI01_001868530,MZP_000005442
JI01_001873325,MZP_000005443
JI01_001873359,MZP_000005444
JI01_001873956,MZP_000005445
JI01_001874543,MZP_000005446
JI01_001875575,MZP_000005447
